{"cameraMode":{"drawMode":0,"name":"Shaded","section":"Shading Mode"},"sceneLighting":true,"audioPlay":false,"sceneViewState":{"showFog":true,"showMaterialUpdate":false,"showSkybox":true,"showFlares":true,"showImageEffects":true,"showParticleSystems":true,"showVisualEffectGraphs":true,"m_FxEnabled":true},"in2DMode":false,"pivot":{"x":-1.5439788103103638,"y":0.23921287059783936,"z":-7.891867637634277},"rotation":{"x":-0.054662518203258517,"y":0.9139055013656616,"z":-0.13140909373760224,"w":-0.3801591694355011},"size":2.433974266052246,"orthographic":false}